,municipio,regiao
0,ABAIARA,CARIRI
32,CAMPOS SALES,CARIRI
170,TARRAFAS,CARIRI
37,CARIRIACU,CARIRI
159,SANTANA DO CARIRI,CARIRI
156,SALITRE,CARIRI
50,CRATO,CARIRI
56,FARIAS BRITO,CARIRI
145,POTENGI,CARIRI
144,PORTEIRAS,CARIRI
64,GRANJEIRO,CARIRI
137,PENAFORTE,CARIRI
121,NOVA OLINDA,CARIRI
182,VARZEA ALEGRE,CARIRI
113,MISSAO VELHA,CARIRI
95,JARDIM,CARIRI
96,JATI,CARIRI
98,JUAZEIRO DO NORTE,CARIRI
100,LAVRAS DA MANGABEIRA,CARIRI
110,MILAGRES,CARIRI
30,BREJO SANTO,CARIRI
24,BARRO,CARIRI
108,MAURITI,CARIRI
18,ASSARE,CARIRI
19,AURORA,CARIRI
22,BARBALHA,CARIRI
15,ARARIPE,CARIRI
9,ANTONINA DO NORTE,CARIRI
6,ALTANEIRA,CARIRI
177,UMARI,CENTRO SUL
3,ACOPIARA,CENTRO SUL
155,SABOEIRO,CENTRO SUL
44,CEDRO,CENTRO SUL
75,ICO,CENTRO SUL
149,QUIXELO,CENTRO SUL
41,CATARINA,CENTRO SUL
99,JUCAS,CENTRO SUL
38,CARIUS,CENTRO SUL
76,IGUATU,CENTRO SUL
125,OROS,CENTRO SUL
20,BAIXIO,CENTRO SUL
79,IPAUMIRIM,CENTRO SUL
66,GUAIUBA,GRANDE FORTALEZA
55,EUSEBIO,GRANDE FORTALEZA
58,FORTALEZA,GRANDE FORTALEZA
11,AQUIRAZ,GRANDE FORTALEZA
140,PINDORETAMA,GRANDE FORTALEZA
132,PARACURU,GRANDE FORTALEZA
70,HORIZONTE,GRANDE FORTALEZA
127,PACATUBA,GRANDE FORTALEZA
133,PARAIPABA,GRANDE FORTALEZA
126,PACAJUS,GRANDE FORTALEZA
85,ITAITINGA,GRANDE FORTALEZA
174,TRAIRI,GRANDE FORTALEZA
47,CHOROZINHO,GRANDE FORTALEZA
103,MARACANAU,GRANDE FORTALEZA
104,MARANGUAPE,GRANDE FORTALEZA
40,CASCAVEL,GRANDE FORTALEZA
161,SAO GONCALO DO AMARANTE,GRANDE FORTALEZA
43,CAUCAIA,GRANDE FORTALEZA
163,SAO LUIS DO CURU,GRANDE FORTALEZA
59,FORTIM,LITORAL LESTE
84,ITAICABA,LITORAL LESTE
74,ICAPUI,LITORAL LESTE
27,BEBERIBE,LITORAL LESTE
94,JAGUARUANA,LITORAL LESTE
12,ARACATI,LITORAL LESTE
180,URUOCA,LITORAL NORTE
97,JIJOCA DE JERICOACOARA,LITORAL NORTE
89,ITAREMA,LITORAL NORTE
118,MORRINHOS,LITORAL NORTE
63,GRANJA,LITORAL NORTE
25,BARROQUINHA,LITORAL NORTE
106,MARTINOPOLE,LITORAL NORTE
52,CRUZ,LITORAL NORTE
2,ACARAU,LITORAL NORTE
105,MARCO,LITORAL NORTE
45,CHAVAL,LITORAL NORTE
28,BELA CRUZ,LITORAL NORTE
31,CAMOCIM,LITORAL NORTE
175,TURURU,LITORAL OESTE / VALE DO CURU
87,ITAPIPOCA,LITORAL OESTE / VALE DO CURU
86,ITAPAJE,LITORAL OESTE / VALE DO CURU
179,URUBURETAMA,LITORAL OESTE / VALE DO CURU
8,AMONTADA,LITORAL OESTE / VALE DO CURU
10,APUIARES,LITORAL OESTE / VALE DO CURU
172,TEJUCUOCA,LITORAL OESTE / VALE DO CURU
112,MIRAIMA,LITORAL OESTE / VALE DO CURU
178,UMIRIM,LITORAL OESTE / VALE DO CURU
61,GENERAL SAMPAIO,LITORAL OESTE / VALE DO CURU
83,IRAUCUBA,LITORAL OESTE / VALE DO CURU
138,PENTECOSTE,LITORAL OESTE / VALE DO CURU
1,ACARAPE,MACICO DE BATURITE
23,BARREIRA,MACICO DE BATURITE
88,ITAPIUNA,MACICO DE BATURITE
124,OCARA,MACICO DE BATURITE
128,PACOTI,MACICO DE BATURITE
131,PALMACIA,MACICO DE BATURITE
68,GUARAMIRANGA,MACICO DE BATURITE
13,ARACOIABA,MACICO DE BATURITE
16,ARATUBA,MACICO DE BATURITE
34,CAPISTRANO,MACICO DE BATURITE
26,BATURITE,MACICO DE BATURITE
120,MULUNGU,MACICO DE BATURITE
152,REDENCAO,MACICO DE BATURITE
160,SAO BENEDITO,SERRA DA IBIAPABA
176,UBAJARA,SERRA DA IBIAPABA
173,TIANGUA,SERRA DA IBIAPABA
183,VICOSA DO CEARA,SERRA DA IBIAPABA
80,IPU,SERRA DA IBIAPABA
67,GUARACIABA DO NORTE,SERRA DA IBIAPABA
72,IBIAPINA,SERRA DA IBIAPABA
39,CARNAUBAL,SERRA DA IBIAPABA
51,CROATA,SERRA DA IBIAPABA
136,PEDRA BRANCA,SERTAO CENTRAL
148,QUIXADA,SERTAO CENTRAL
71,IBARETAMA,SERTAO CENTRAL
150,QUIXERAMOBIM,SERTAO CENTRAL
73,IBICUITINGA,SERTAO CENTRAL
53,DEPUTADO IRAPUAN PINHEIRO,SERTAO CENTRAL
21,BANABUIU,SERTAO CENTRAL
114,MOMBACA,SERTAO CENTRAL
111,MILHA,SERTAO CENTRAL
167,SOLONOPOLE,SERTAO CENTRAL
164,SENADOR POMPEU,SERTAO CENTRAL
46,CHORO,SERTAO CENTRAL
141,PIQUET CARNEIRO,SERTAO CENTRAL
33,CANINDE,SERTAO DE CANINDE
29,BOA VIAGEM,SERTAO DE CANINDE
90,ITATIRA,SERTAO DE CANINDE
35,CARIDADE,SERTAO DE CANINDE
135,PARAMOTI,SERTAO DE CANINDE
102,MADALENA,SERTAO DE CANINDE
153,RERIUTABA,SERTAO DE SOBRAL
165,SENADOR SA,SERTAO DE SOBRAL
166,SOBRAL,SERTAO DE SOBRAL
107,MASSAPE,SERTAO DE SOBRAL
48,COREAU,SERTAO DE SOBRAL
57,FORQUILHA,SERTAO DE SOBRAL
60,FRECHEIRINHA,SERTAO DE SOBRAL
142,PIRES FERREIRA,SERTAO DE SOBRAL
158,SANTANA DO ACARAU,SERTAO DE SOBRAL
109,MERUOCA,SERTAO DE SOBRAL
36,CARIRE,SERTAO DE SOBRAL
65,GROAIRAS,SERTAO DE SOBRAL
181,VARJOTA,SERTAO DE SOBRAL
5,ALCANTARAS,SERTAO DE SOBRAL
117,MORAUJO,SERTAO DE SOBRAL
129,PACUJA,SERTAO DE SOBRAL
119,MUCAMBO,SERTAO DE SOBRAL
62,GRACA,SERTAO DE SOBRAL
143,PORANGA,SERTAO DOS CRATEUS
115,MONSENHOR TABOSA,SERTAO DOS CRATEUS
42,CATUNDA,SERTAO DOS CRATEUS
14,ARARENDA,SERTAO DOS CRATEUS
157,SANTA QUITERIA,SERTAO DOS CRATEUS
49,CRATEUS,SERTAO DOS CRATEUS
123,NOVO ORIENTE,SERTAO DOS CRATEUS
81,IPUEIRAS,SERTAO DOS CRATEUS
78,IPAPORANGA,SERTAO DOS CRATEUS
77,INDEPENDENCIA,SERTAO DOS CRATEUS
69,HIDROLANDIA,SERTAO DOS CRATEUS
122,NOVA RUSSAS,SERTAO DOS CRATEUS
169,TAMBORIL,SERTAO DOS CRATEUS
171,TAUA,SERTAO DOS INHAMUNS
17,ARNEIROZ,SERTAO DOS INHAMUNS
147,QUITERIANOPOLIS,SERTAO DOS INHAMUNS
4,AIUABA,SERTAO DOS INHAMUNS
134,PARAMBU,SERTAO DOS INHAMUNS
7,ALTO SANTO,VALE DO JAGUARIBE
146,POTIRETAMA,VALE DO JAGUARIBE
162,SAO JOAO DO JAGUARIBE,VALE DO JAGUARIBE
154,RUSSAS,VALE DO JAGUARIBE
151,QUIXERE,VALE DO JAGUARIBE
54,ERERE,VALE DO JAGUARIBE
139,PEREIRO,VALE DO JAGUARIBE
130,PALHANO,VALE DO JAGUARIBE
82,IRACEMA,VALE DO JAGUARIBE
92,JAGUARIBARA,VALE DO JAGUARIBE
116,MORADA NOVA,VALE DO JAGUARIBE
93,JAGUARIBE,VALE DO JAGUARIBE
101,LIMOEIRO DO NORTE,VALE DO JAGUARIBE
168,TABULEIRO DO NORTE,VALE DO JAGUARIBE
91,JAGUARETAMA,VALE DO JAGUARIBE
